[{"pk": 1, "model": "account.antropometricosresultado", "fields": {"indiceAdiposidad": 31.681528704367501, "datosAntropometricos": 1, "apreciacion_cintura": "Signo de Obesidad", "metabolismoBasal": 2212.7020000000002, "obesidad": 29.241493383742899, "apreciacion_obesidad": "Sobrepeso (Obesidad grado I)", "apreciacion_adiposidad": "Aumentado"}}, {"pk": 2, "model": "account.antropometricosresultado", "fields": {"indiceAdiposidad": 31.681528704367501, "datosAntropometricos": 2, "apreciacion_cintura": "Signo de Obesidad", "metabolismoBasal": 2212.7020000000002, "obesidad": 29.241493383742899, "apreciacion_obesidad": "Sobrepeso (Obesidad grado I)", "apreciacion_adiposidad": "Aumentado"}}, {"pk": 3, "model": "account.antropometricosresultado", "fields": {"indiceAdiposidad": 982.0, "datosAntropometricos": 3, "apreciacion_cintura": "Normal", "metabolismoBasal": 0.0, "obesidad": 10000.0, "apreciacion_obesidad": "Obesidad grado IV", "apreciacion_adiposidad": "Aumentado"}}, {"pk": 1, "model": "account.ipaqresultado", "fields": {"requerimientoCaloricoDiario": 4646.6742000000004, "metHogar": 2880.0, "metAndarTransporte": 2112.0, "metTotalVigoroso": 7440.0, "metVigorosoTrabajo": 5040.0, "metTrabajo": 8175.0, "resultadoDiscreto": 0.0, "metModeradoTransporte": 0.0, "minVigorosoRecre": 300.0, "tiempoVigoroso": 930.0, "apreciacionIpaq": "Alta", "metModeradoTrabajo": 0.0, "metAndarRecreacion": 0.0, "minAndarTrabajo": 950.0, "diasTotalModerado": 6.0, "metTransporte": 2112.0, "tiempoAndar": 1590.0, "trabaja": 1.0, "metTotalModerado": 10080.0, "metModeradoRecreacion": 7200.0, "tiempoSentado": 1355.0, "minVigorosoHogar": 0.0, "metVigorosoRecreacion": 2400.0, "diasTotalAndar": 7.0, "metRecreacion": 9600.0, "diasTotal": 17.0, "minVehiculo": 0.0, "tiempoModerado": 2520.0, "minModeradoHogar": 720.0, "diasTotalVigoroso": 4.0, "metVigorosoHogar": 0.0, "metModeradoHogar": 2880.0, "metTotalAndar": 5247.0, "metTotal": 22767.0, "minModeradoTrabajo": 0.0, "minModeradoTransporte": 0.0, "metModeradoJHogar": 0.0, "minAndarRecre": 0.0, "metAndarTrabajo": 3135.0, "minAndarTransporte": 640.0, "minVigorosoTrabajo": 630.0, "ipaq": 1, "minModeradoRecre": 1800.0, "MediaSentado": 193.57142857142901, "minModeradoJHogar": 0.0}}, {"pk": 2, "model": "account.ipaqresultado", "fields": {"requerimientoCaloricoDiario": 0.0, "metHogar": 5325.0, "metAndarTransporte": 6732.0, "metTotalVigoroso": 7830.0, "metVigorosoTrabajo": 4320.0, "metTrabajo": 4320.0, "resultadoDiscreto": 0.0, "metModeradoTransporte": 9600.0, "minVigorosoRecre": 0.0, "tiempoVigoroso": 1710.0, "apreciacionIpaq": "Alta", "metModeradoTrabajo": 0.0, "metAndarRecreacion": 0.0, "minAndarTrabajo": 0.0, "diasTotalModerado": 10.0, "metTransporte": 16332.0, "tiempoAndar": 2040.0, "trabaja": 1.0, "metTotalModerado": 13815.0, "metModeradoRecreacion": 2400.0, "tiempoSentado": 1690.0, "minVigorosoHogar": 1170.0, "metVigorosoRecreacion": 0.0, "diasTotalAndar": 6.0, "metRecreacion": 2400.0, "diasTotal": 23.0, "minVehiculo": 0.0, "tiempoModerado": 2530.0, "minModeradoHogar": 0.0, "diasTotalVigoroso": 7.0, "metVigorosoHogar": 3510.0, "metModeradoHogar": 0.0, "metTotalAndar": 6732.0, "metTotal": 28377.0, "minModeradoTrabajo": 0.0, "minModeradoTransporte": 1600.0, "metModeradoJHogar": 1815.0, "minAndarRecre": 0.0, "metAndarTrabajo": 0.0, "minAndarTransporte": 2040.0, "minVigorosoTrabajo": 540.0, "ipaq": 2, "minModeradoRecre": 600.0, "MediaSentado": 241.42857142857099, "minModeradoJHogar": 330.0}}, {"pk": 52, "model": "auth.permission", "fields": {"codename": "add_alimentofrecuencia", "name": "Can add alimento frecuencia", "content_type": 18}}, {"pk": 53, "model": "auth.permission", "fields": {"codename": "change_alimentofrecuencia", "name": "Can change alimento frecuencia", "content_type": 18}}, {"pk": 54, "model": "auth.permission", "fields": {"codename": "delete_alimentofrecuencia", "name": "Can delete alimento frecuencia", "content_type": 18}}, {"pk": 61, "model": "auth.permission", "fields": {"codename": "add_alimentorecordatorio", "name": "Can add alimento recordatorio", "content_type": 21}}, {"pk": 62, "model": "auth.permission", "fields": {"codename": "change_alimentorecordatorio", "name": "Can change alimento recordatorio", "content_type": 21}}, {"pk": 63, "model": "auth.permission", "fields": {"codename": "delete_alimentorecordatorio", "name": "Can delete alimento recordatorio", "content_type": 21}}, {"pk": 37, "model": "auth.permission", "fields": {"codename": "add_antropometricosresultado", "name": "Can add antropometricos resultado", "content_type": 13}}, {"pk": 38, "model": "auth.permission", "fields": {"codename": "change_antropometricosresultado", "name": "Can change antropometricos resultado", "content_type": 13}}, {"pk": 39, "model": "auth.permission", "fields": {"codename": "delete_antropometricosresultado", "name": "Can delete antropometricos resultado", "content_type": 13}}, {"pk": 55, "model": "auth.permission", "fields": {"codename": "add_datafrecuenciaconsumo", "name": "Can add data frecuencia consumo", "content_type": 19}}, {"pk": 56, "model": "auth.permission", "fields": {"codename": "change_datafrecuenciaconsumo", "name": "Can change data frecuencia consumo", "content_type": 19}}, {"pk": 57, "model": "auth.permission", "fields": {"codename": "delete_datafrecuenciaconsumo", "name": "Can delete data frecuencia consumo", "content_type": 19}}, {"pk": 34, "model": "auth.permission", "fields": {"codename": "add_datosantropometricos", "name": "Can add datos antropometricos", "content_type": 12}}, {"pk": 35, "model": "auth.permission", "fields": {"codename": "change_datosantropometricos", "name": "Can change datos antropometricos", "content_type": 12}}, {"pk": 36, "model": "auth.permission", "fields": {"codename": "delete_datosantropometricos", "name": "Can delete datos antropometricos", "content_type": 12}}, {"pk": 58, "model": "auth.permission", "fields": {"codename": "add_datosrecordatorio", "name": "Can add datos recordatorio", "content_type": 20}}, {"pk": 59, "model": "auth.permission", "fields": {"codename": "change_datosrecordatorio", "name": "Can change datos recordatorio", "content_type": 20}}, {"pk": 60, "model": "auth.permission", "fields": {"codename": "delete_datosrecordatorio", "name": "Can delete datos recordatorio", "content_type": 20}}, {"pk": 67, "model": "auth.permission", "fields": {"codename": "add_datosrecordatorioresultado", "name": "Can add datos recordatorio resultado", "content_type": 23}}, {"pk": 68, "model": "auth.permission", "fields": {"codename": "change_datosrecordatorioresultado", "name": "Can change datos recordatorio resultado", "content_type": 23}}, {"pk": 69, "model": "auth.permission", "fields": {"codename": "delete_datosrecordatorioresultado", "name": "Can delete datos recordatorio resultado", "content_type": 23}}, {"pk": 73, "model": "auth.permission", "fields": {"codename": "add_frecuencia7", "name": "Can add frecuencia7", "content_type": 25}}, {"pk": 74, "model": "auth.permission", "fields": {"codename": "change_frecuencia7", "name": "Can change frecuencia7", "content_type": 25}}, {"pk": 75, "model": "auth.permission", "fields": {"codename": "delete_frecuencia7", "name": "Can delete frecuencia7", "content_type": 25}}, {"pk": 46, "model": "auth.permission", "fields": {"codename": "add_frecuenciaconsumo", "name": "Can add frecuencia consumo", "content_type": 16}}, {"pk": 47, "model": "auth.permission", "fields": {"codename": "change_frecuenciaconsumo", "name": "Can change frecuencia consumo", "content_type": 16}}, {"pk": 48, "model": "auth.permission", "fields": {"codename": "delete_frecuenciaconsumo", "name": "Can delete frecuencia consumo", "content_type": 16}}, {"pk": 64, "model": "auth.permission", "fields": {"codename": "add_indicadoresdieteticos", "name": "Can add indicadores dieteticos", "content_type": 22}}, {"pk": 65, "model": "auth.permission", "fields": {"codename": "change_indicadoresdieteticos", "name": "Can change indicadores dieteticos", "content_type": 22}}, {"pk": 66, "model": "auth.permission", "fields": {"codename": "delete_indicadoresdieteticos", "name": "Can delete indicadores dieteticos", "content_type": 22}}, {"pk": 40, "model": "auth.permission", "fields": {"codename": "add_ipaq", "name": "Can add ipaq", "content_type": 14}}, {"pk": 41, "model": "auth.permission", "fields": {"codename": "change_ipaq", "name": "Can change ipaq", "content_type": 14}}, {"pk": 42, "model": "auth.permission", "fields": {"codename": "delete_ipaq", "name": "Can delete ipaq", "content_type": 14}}, {"pk": 43, "model": "auth.permission", "fields": {"codename": "add_ipaqresultado", "name": "Can add ipaq resultado", "content_type": 15}}, {"pk": 44, "model": "auth.permission", "fields": {"codename": "change_ipaqresultado", "name": "Can change ipaq resultado", "content_type": 15}}, {"pk": 45, "model": "auth.permission", "fields": {"codename": "delete_ipaqresultado", "name": "Can delete ipaq resultado", "content_type": 15}}, {"pk": 49, "model": "auth.permission", "fields": {"codename": "add_nombreseccionfrecuenciaconsumo", "name": "Can add nombre seccion frecuencia consumo", "content_type": 17}}, {"pk": 50, "model": "auth.permission", "fields": {"codename": "change_nombreseccionfrecuenciaconsumo", "name": "Can change nombre seccion frecuencia consumo", "content_type": 17}}, {"pk": 51, "model": "auth.permission", "fields": {"codename": "delete_nombreseccionfrecuenciaconsumo", "name": "Can delete nombre seccion frecuencia consumo", "content_type": 17}}, {"pk": 70, "model": "auth.permission", "fields": {"codename": "add_preguntasecreta", "name": "Can add pregunta secreta", "content_type": 24}}, {"pk": 71, "model": "auth.permission", "fields": {"codename": "change_preguntasecreta", "name": "Can change pregunta secreta", "content_type": 24}}, {"pk": 72, "model": "auth.permission", "fields": {"codename": "delete_preguntasecreta", "name": "Can delete pregunta secreta", "content_type": 24}}, {"pk": 31, "model": "auth.permission", "fields": {"codename": "add_profesional", "name": "Can add profesional", "content_type": 11}}, {"pk": 32, "model": "auth.permission", "fields": {"codename": "change_profesional", "name": "Can change profesional", "content_type": 11}}, {"pk": 33, "model": "auth.permission", "fields": {"codename": "delete_profesional", "name": "Can delete profesional", "content_type": 11}}, {"pk": 28, "model": "auth.permission", "fields": {"codename": "add_userprofile", "name": "Can add user profile", "content_type": 10}}, {"pk": 29, "model": "auth.permission", "fields": {"codename": "change_userprofile", "name": "Can change user profile", "content_type": 10}}, {"pk": 30, "model": "auth.permission", "fields": {"codename": "delete_userprofile", "name": "Can delete user profile", "content_type": 10}}, {"pk": 100, "model": "auth.permission", "fields": {"codename": "add_logentry", "name": "Can add log entry", "content_type": 34}}, {"pk": 101, "model": "auth.permission", "fields": {"codename": "change_logentry", "name": "Can change log entry", "content_type": 34}}, {"pk": 102, "model": "auth.permission", "fields": {"codename": "delete_logentry", "name": "Can delete log entry", "content_type": 34}}, {"pk": 79, "model": "auth.permission", "fields": {"codename": "add_article", "name": "Can add article", "content_type": 27}}, {"pk": 80, "model": "auth.permission", "fields": {"codename": "change_article", "name": "Can change article", "content_type": 27}}, {"pk": 81, "model": "auth.permission", "fields": {"codename": "delete_article", "name": "Can delete article", "content_type": 27}}, {"pk": 76, "model": "auth.permission", "fields": {"codename": "add_category", "name": "Can add category", "content_type": 26}}, {"pk": 77, "model": "auth.permission", "fields": {"codename": "change_category", "name": "Can change category", "content_type": 26}}, {"pk": 78, "model": "auth.permission", "fields": {"codename": "delete_category", "name": "Can delete category", "content_type": 26}}, {"pk": 4, "model": "auth.permission", "fields": {"codename": "add_group", "name": "Can add group", "content_type": 2}}, {"pk": 5, "model": "auth.permission", "fields": {"codename": "change_group", "name": "Can change group", "content_type": 2}}, {"pk": 6, "model": "auth.permission", "fields": {"codename": "delete_group", "name": "Can delete group", "content_type": 2}}, {"pk": 1, "model": "auth.permission", "fields": {"codename": "add_permission", "name": "Can add permission", "content_type": 1}}, {"pk": 2, "model": "auth.permission", "fields": {"codename": "change_permission", "name": "Can change permission", "content_type": 1}}, {"pk": 3, "model": "auth.permission", "fields": {"codename": "delete_permission", "name": "Can delete permission", "content_type": 1}}, {"pk": 7, "model": "auth.permission", "fields": {"codename": "add_user", "name": "Can add user", "content_type": 3}}, {"pk": 8, "model": "auth.permission", "fields": {"codename": "change_user", "name": "Can change user", "content_type": 3}}, {"pk": 9, "model": "auth.permission", "fields": {"codename": "delete_user", "name": "Can delete user", "content_type": 3}}, {"pk": 10, "model": "auth.permission", "fields": {"codename": "add_contenttype", "name": "Can add content type", "content_type": 4}}, {"pk": 11, "model": "auth.permission", "fields": {"codename": "change_contenttype", "name": "Can change content type", "content_type": 4}}, {"pk": 12, "model": "auth.permission", "fields": {"codename": "delete_contenttype", "name": "Can delete content type", "content_type": 4}}, {"pk": 103, "model": "auth.permission", "fields": {"codename": "add_country", "name": "Can add Country", "content_type": 35}}, {"pk": 104, "model": "auth.permission", "fields": {"codename": "change_country", "name": "Can change Country", "content_type": 35}}, {"pk": 105, "model": "auth.permission", "fields": {"codename": "delete_country", "name": "Can delete Country", "content_type": 35}}, {"pk": 106, "model": "auth.permission", "fields": {"codename": "add_vestate", "name": "Can add VE State", "content_type": 36}}, {"pk": 107, "model": "auth.permission", "fields": {"codename": "change_vestate", "name": "Can change VE State", "content_type": 36}}, {"pk": 108, "model": "auth.permission", "fields": {"codename": "delete_vestate", "name": "Can delete VE State", "content_type": 36}}, {"pk": 22, "model": "auth.permission", "fields": {"codename": "add_alimento", "name": "Can add alimento", "content_type": 8}}, {"pk": 23, "model": "auth.permission", "fields": {"codename": "change_alimento", "name": "Can change alimento", "content_type": 8}}, {"pk": 24, "model": "auth.permission", "fields": {"codename": "delete_alimento", "name": "Can delete alimento", "content_type": 8}}, {"pk": 19, "model": "auth.permission", "fields": {"codename": "add_entry", "name": "Can add entry", "content_type": 7}}, {"pk": 20, "model": "auth.permission", "fields": {"codename": "change_entry", "name": "Can change entry", "content_type": 7}}, {"pk": 21, "model": "auth.permission", "fields": {"codename": "delete_entry", "name": "Can delete entry", "content_type": 7}}, {"pk": 25, "model": "auth.permission", "fields": {"codename": "add_pesoalimento", "name": "Can add peso alimento", "content_type": 9}}, {"pk": 26, "model": "auth.permission", "fields": {"codename": "change_pesoalimento", "name": "Can change peso alimento", "content_type": 9}}, {"pk": 27, "model": "auth.permission", "fields": {"codename": "delete_pesoalimento", "name": "Can delete peso alimento", "content_type": 9}}, {"pk": 88, "model": "auth.permission", "fields": {"codename": "add_forum", "name": "Can add Forum", "content_type": 30}}, {"pk": 89, "model": "auth.permission", "fields": {"codename": "change_forum", "name": "Can change Forum", "content_type": 30}}, {"pk": 90, "model": "auth.permission", "fields": {"codename": "delete_forum", "name": "Can delete Forum", "content_type": 30}}, {"pk": 94, "model": "auth.permission", "fields": {"codename": "add_post", "name": "Can add Post", "content_type": 32}}, {"pk": 95, "model": "auth.permission", "fields": {"codename": "change_post", "name": "Can change Post", "content_type": 32}}, {"pk": 96, "model": "auth.permission", "fields": {"codename": "delete_post", "name": "Can delete Post", "content_type": 32}}, {"pk": 97, "model": "auth.permission", "fields": {"codename": "add_subscription", "name": "Can add Subscription", "content_type": 33}}, {"pk": 98, "model": "auth.permission", "fields": {"codename": "change_subscription", "name": "Can change Subscription", "content_type": 33}}, {"pk": 99, "model": "auth.permission", "fields": {"codename": "delete_subscription", "name": "Can delete Subscription", "content_type": 33}}, {"pk": 91, "model": "auth.permission", "fields": {"codename": "add_thread", "name": "Can add Thread", "content_type": 31}}, {"pk": 92, "model": "auth.permission", "fields": {"codename": "change_thread", "name": "Can change Thread", "content_type": 31}}, {"pk": 93, "model": "auth.permission", "fields": {"codename": "delete_thread", "name": "Can delete Thread", "content_type": 31}}, {"pk": 13, "model": "auth.permission", "fields": {"codename": "add_session", "name": "Can add session", "content_type": 5}}, {"pk": 14, "model": "auth.permission", "fields": {"codename": "change_session", "name": "Can change session", "content_type": 5}}, {"pk": 15, "model": "auth.permission", "fields": {"codename": "delete_session", "name": "Can delete session", "content_type": 5}}, {"pk": 16, "model": "auth.permission", "fields": {"codename": "add_site", "name": "Can add site", "content_type": 6}}, {"pk": 17, "model": "auth.permission", "fields": {"codename": "change_site", "name": "Can change site", "content_type": 6}}, {"pk": 18, "model": "auth.permission", "fields": {"codename": "delete_site", "name": "Can delete site", "content_type": 6}}, {"pk": 82, "model": "auth.permission", "fields": {"codename": "add_tag", "name": "Can add tag", "content_type": 28}}, {"pk": 83, "model": "auth.permission", "fields": {"codename": "change_tag", "name": "Can change tag", "content_type": 28}}, {"pk": 84, "model": "auth.permission", "fields": {"codename": "delete_tag", "name": "Can delete tag", "content_type": 28}}, {"pk": 85, "model": "auth.permission", "fields": {"codename": "add_taggeditem", "name": "Can add tagged item", "content_type": 29}}, {"pk": 86, "model": "auth.permission", "fields": {"codename": "change_taggeditem", "name": "Can change tagged item", "content_type": 29}}, {"pk": 87, "model": "auth.permission", "fields": {"codename": "delete_taggeditem", "name": "Can delete tagged item", "content_type": 29}}, {"pk": 1, "model": "auth.group", "fields": {"name": "profesional", "permissions": [52, 53, 54, 61, 62, 63, 37, 38, 39, 55, 56, 57, 34, 35, 36, 58, 59, 60, 67, 68, 69, 73, 74, 75, 46, 47, 48, 64, 65, 66, 40, 41, 42, 43, 44, 45, 49, 50, 51, 70, 71, 72, 31, 32, 33, 28, 29, 30, 100, 101, 102, 79, 80, 81, 76, 77, 78, 4, 5, 6, 1, 2, 3, 7, 8, 9, 10, 11, 12, 103, 104, 105, 106, 107, 108, 22, 23, 24, 19, 20, 21, 25, 26, 27, 88, 89, 90, 94, 95, 96, 97, 98, 99, 91, 92, 93, 13, 14, 15, 16, 17, 18, 82, 83, 84, 85, 86, 87]}}, {"pk": 2, "model": "auth.group", "fields": {"name": "profesional2", "permissions": [52, 53, 54, 61, 62, 63, 37, 38, 39, 55, 56, 57, 34, 35, 36, 58, 59, 60, 67, 68, 69, 73, 74, 75, 46, 47, 48, 64, 65, 66, 40, 41, 42, 43, 44, 45, 49, 50, 51, 70, 71, 72, 31, 32, 33, 28, 29, 30, 100, 101, 102, 79, 80, 81, 76, 77, 78, 4, 5, 6, 1, 2, 3, 7, 8, 9, 10, 11, 12, 103, 104, 105, 106, 107, 108, 22, 23, 24, 19, 20, 21, 25, 26, 27, 88, 89, 90, 94, 95, 96, 97, 98, 99, 91, 92, 93, 13, 14, 15, 16, 17, 18, 82, 83, 84, 85, 86, 87]}}, {"pk": 3, "model": "auth.group", "fields": {"name": "usuario", "permissions": []}}, {"pk": 1, "model": "auth.user", "fields": {"username": "root", "first_name": "administrador", "last_name": "ciem", "is_active": true, "is_superuser": true, "is_staff": true, "last_login": "2012-11-08T00:06:01", "groups": [2], "user_permissions": [], "password": "pbkdf2_sha256$10000$6A6pdEU8kgwx$iii8Yf4GUYnWPa+MXTvGH6u5B0iNnwi8ftUVedWL1vg=", "email": "tavito.286@gmail.com", "date_joined": "2012-11-07T17:54:11"}}, {"pk": 2, "model": "auth.user", "fields": {"username": "gustav0", "first_name": "Gustavo", "last_name": "Saavedra", "is_active": true, "is_superuser": false, "is_staff": false, "last_login": "2012-11-08T00:18:54", "groups": [1], "user_permissions": [], "password": "pbkdf2_sha256$10000$uDb0HKu8muha$syOYy\/3w5qFn4IEJ3Ho\/Q0kgPXK+WUZ4QJ4DHXXcts4=", "email": "tavito.286@gmail.com", "date_joined": "2012-11-07T18:03:55"}}, {"pk": 3, "model": "auth.user", "fields": {"username": "paola", "first_name": "Paola", "last_name": "Acosta", "is_active": true, "is_superuser": false, "is_staff": false, "last_login": "2012-11-08T00:16:11", "groups": [], "user_permissions": [], "password": "pbkdf2_sha256$10000$EgXFEjulJdsN$a4JeXN3lkR61bePGq5jcKKNr4BIHmEKpkdJWhvMZFls=", "email": "paola.acosta.01@gmail.com", "date_joined": "2012-11-08T00:16:11"}}, {"pk": 5, "model": "auth.user", "fields": {"username": "roger", "first_name": "roger", "last_name": "parra", "is_active": true, "is_superuser": false, "is_staff": false, "last_login": "2012-11-08T14:20:45", "groups": [], "user_permissions": [], "password": "pbkdf2_sha256$10000$94O6DgxsS9ma$R8dWg9Hfe\/KqpSedz9BoUsA8kcwRRz+BlptzEyOY6sk=", "email": "rparra@cerveceriaregional.com", "date_joined": "2012-11-08T14:20:45"}}, {"pk": 6, "model": "auth.user", "fields": {"username": "maria", "first_name": "maria gabi", "last_name": "gabriela", "is_active": true, "is_superuser": false, "is_staff": false, "last_login": "2012-11-08T14:22:53", "groups": [], "user_permissions": [], "password": "pbkdf2_sha256$10000$7veAG3RcqmcP$MpH+ohPyjOsNXB0Z7dZjmWfcjaotf203w7vYbZTQRr0=", "email": "maria@gabriela.com", "date_joined": "2012-11-08T14:22:53"}}, {"pk": 7, "model": "auth.user", "fields": {"username": "pedro", "first_name": "pedro", "last_name": "valbuena", "is_active": true, "is_superuser": false, "is_staff": false, "last_login": "2012-11-08T14:24:42", "groups": [], "user_permissions": [], "password": "pbkdf2_sha256$10000$SsjHCodZxaIS$Q\/RL2E\/ejBXWKJ1X+DXIok6dCnkTMY1E5bT9Ytyd4wI=", "email": "valbuenapedro@gmail.com", "date_joined": "2012-11-08T14:24:41"}}, {"pk": 8, "model": "auth.user", "fields": {"username": "william", "first_name": "william", "last_name": "sierra", "is_active": true, "is_superuser": false, "is_staff": false, "last_login": "2012-11-08T14:25:40", "groups": [], "user_permissions": [], "password": "pbkdf2_sha256$10000$gTmGH7X30zhJ$sqmF24HklK+Gm7ONXEtXUZBjVR8KwAFoDpPNuYtJGGQ=", "email": "william.sierra@gmail.com", "date_joined": "2012-11-08T14:25:40"}}, {"pk": 9, "model": "auth.user", "fields": {"username": "xioli", "first_name": "xioliberth", "last_name": "escalona", "is_active": true, "is_superuser": false, "is_staff": false, "last_login": "2012-11-08T14:27:03", "groups": [], "user_permissions": [], "password": "pbkdf2_sha256$10000$HGCtAgJYuBeB$XY7oWMuZtWsEpxlA\/ZmAEy\/ZFq4yvgqy9XeZylwVzOU=", "email": "xioli@facebook.com", "date_joined": "2012-11-08T14:27:03"}}, {"pk": 10, "model": "auth.user", "fields": {"username": "obama", "first_name": "obama", "last_name": "presidente", "is_active": true, "is_superuser": false, "is_staff": false, "last_login": "2012-11-08T14:28:15", "groups": [], "user_permissions": [], "password": "pbkdf2_sha256$10000$aY5dofxba7wE$IJU2T5cFsBoJBA5hwmmSN2DXwHXjFXoC0W2FxO0OpfA=", "email": "presidenteobama@gmail.com", "date_joined": "2012-11-08T14:28:15"}}, {"pk": 11, "model": "auth.user", "fields": {"username": "cesar", "first_name": "cesar", "last_name": "arenas", "is_active": true, "is_superuser": false, "is_staff": false, "last_login": "2012-11-08T14:31:16", "groups": [], "user_permissions": [], "password": "pbkdf2_sha256$10000$e5f2hiv3Z0Iy$iObM9ZofVK8+eGHmGtffInlKgcumwukwwZy+liV7M8o=", "email": "cesararenas@gmail.com", "date_joined": "2012-11-08T14:31:16"}}, {"pk": 12, "model": "auth.user", "fields": {"username": "andrea", "first_name": "andrea", "last_name": "nava", "is_active": true, "is_superuser": false, "is_staff": false, "last_login": "2012-11-08T14:32:22", "groups": [], "user_permissions": [], "password": "pbkdf2_sha256$10000$AoYgtGS5INNd$9qwtoAsLqLSs2VvnrQipaawYFFCMx\/9AryTE2NvLxpk=", "email": "navaandrea@gmail.com", "date_joined": "2012-11-08T14:32:21"}}, {"pk": 13, "model": "auth.user", "fields": {"username": "jhanny", "first_name": "jhannyre", "last_name": "druffkar", "is_active": true, "is_superuser": false, "is_staff": false, "last_login": "2012-11-08T14:33:30", "groups": [], "user_permissions": [], "password": "pbkdf2_sha256$10000$x6EamlyPEJAL$BDg\/zBJwm7L5zCbJoyBLJR0nEuYKIjO\/NgNUk3zXs1c=", "email": "jhanny@gmail.com", "date_joined": "2012-11-08T14:33:30"}}, {"pk": 14, "model": "auth.user", "fields": {"username": "angel", "first_name": "angel", "last_name": "rodriguez", "is_active": true, "is_superuser": false, "is_staff": false, "last_login": "2012-11-08T14:34:36", "groups": [], "user_permissions": [], "password": "pbkdf2_sha256$10000$dnmt87bMRLsR$27cnRMONUv07+aLHm0auzz9rgR94MFDgiPfIfX\/G6GI=", "email": "angelrodriguez@gmail.com", "date_joined": "2012-11-08T14:34:36"}}, {"pk": 15, "model": "auth.user", "fields": {"username": "veroni", "first_name": "veronica", "last_name": "mora", "is_active": true, "is_superuser": false, "is_staff": false, "last_login": "2012-11-08T14:43:11", "groups": [], "user_permissions": [], "password": "pbkdf2_sha256$10000$UCtJquS8Bhpx$zdMf0dARmv9U2cVX8CRVP1x7miGmHPs+RWCnsHwhBFs=", "email": "veritomora@gmail.com", "date_joined": "2012-11-08T14:43:11"}}, {"pk": 16, "model": "auth.user", "fields": {"username": "cheo", "first_name": "jose", "last_name": "ordo\u00f1ez", "is_active": true, "is_superuser": false, "is_staff": false, "last_login": "2012-11-08T14:44:27", "groups": [], "user_permissions": [], "password": "pbkdf2_sha256$10000$mu2BCXMxOUJd$oCDaMCWBZntFoeW7pcfAB6tKtlPGhzyUYSvii0awMAM=", "email": "jose_9602@hotmail.com", "date_joined": "2012-11-08T14:44:26"}}, {"pk": 17, "model": "auth.user", "fields": {"username": "marina", "first_name": "marina", "last_name": "faria", "is_active": true, "is_superuser": false, "is_staff": false, "last_login": "2012-11-08T14:45:26", "groups": [], "user_permissions": [], "password": "pbkdf2_sha256$10000$w9cUBfQPSVWy$sGf3W29n13ZEqoPW+7UcKURYO7Xqltf+BOdlOWWX2vM=", "email": "marina@hotmail.com", "date_joined": "2012-11-08T14:45:26"}}, {"pk": 18, "model": "auth.user", "fields": {"username": "alexander", "first_name": "alexander", "last_name": "albin", "is_active": true, "is_superuser": false, "is_staff": false, "last_login": "2012-11-08T14:46:37", "groups": [], "user_permissions": [], "password": "pbkdf2_sha256$10000$sqgQFF1lUIFt$Ml7sD64BlMrN1z+Q0i5+spoOaWsSkXdzihUcDPA6DeM=", "email": "alexnder@gmail.com", "date_joined": "2012-11-08T14:46:37"}}, {"pk": 1, "model": "account.indicadoresdieteticos", "fields": {"alimentoDesagrado": "2121", "quienPreparaAlimentos": "323", "suplementoAlimenticio": true, "porqueSuplemento": "212", "comeEntreComidas": true, "salComidas": false, "tiempoDieta": "12121", "comoSuApetito": "bueno", "fecha_creacion": "2012-11-07", "tipoDieta": "1212", "esAlergicoIntolerante": true, "comoVariaConsumo": "aumenta", "porqueModifico": "21212", "tieneDieta": true, "comidasAlDia": "12", "consumoVariaEmocion": false, "alimentoPreferido": "2121", "user": 2, "modificadoAlimentacionReciente": false, "queComeEntreComidas": "121", "cuantasVecesSuplemento": "121", "comoModifico": "212", "cualAlimento": "21212", "cuantasVecesDieta": "1212", "horaMasHambre": "1212"}}, {"pk": 1, "model": "account.datosrecordatorio", "fields": {"diasAlmuerzo": 7, "diasCena": 7, "horaCena": "01:55:00", "diasMerienda1": 7, "horaMerienda3": "09:55:00", "merienda3": false, "horaMerienda1": "13:25:00", "fecha_creacion": "2012-11-07", "diasMerienda2": 7, "almuerzo": false, "cena": false, "horaAlmuerzo": "16:15:00", "diasMerienda3": 7, "desayuno": false, "user": 2, "horaMerienda2": "11:20:00", "merienda1": false, "merienda2": false, "horaDesayuno": "18:14:00", "diasDesayuno": 7}}, {"pk": 1, "model": "account.ipaq", "fields": {"p11a_transporte": "0", "p9a_transporte": "0", "p20a_recreacion": "1", "p5b_trabajo": "0", "p13a_transporte": "5", "p24a_recreacion": "3", "p24b_recreacion": false, "p19b_hogar": "0", "p7b_trabajo": "10", "p18b_hogar": true, "p5a_trabajo": "0", "p8a_transporte": "1", "p18a_hogar": "1", "p7a_trabajo": "3", "p27a_sentado": "3", "fecha_creacion": "2012-11-07", "p23a_recreacion": "5", "p23b_recreacion": "0", "p26b_sentado": "15", "p11b_transporte": "0", "p16b_hogar": false, "p17b_hogar": "0", "p26a_sentado": "3", "p12a_transporte": "2", "p25b_recreacion": "0", "p8b_transporte": true, "p13b_transporte": "20", "p4a_trabajo": "1", "p12b_transporte": false, "p15a_hogar": "0", "p25a_recreacion": "10", "p3a_trabajo": "3", "p15b_hogar": "0", "user": 2, "p3b_trabajo": "30", "p21a_recreacion": "0", "p6a_trabajo": "5", "p4b_trabajo": true, "p9b_transporte": "0", "p14b_hogar": true, "p21b_recreacion": "0", "p10b_transporte": true, "p22b_recreacion": false, "p2a_trabajo": "3", "p22a_recreacion": "1", "p14a_hogar": "1", "p19a_hogar": "0", "p17a_hogar": "4", "p16a_hogar": "3", "p2b_trabajo": false, "p10a_transporte": "1", "p20b_recreacion": true, "p6b_trabajo": false, "p27b_sentado": "10"}}, {"pk": 2, "model": "account.ipaq", "fields": {"p11a_transporte": "5", "p9a_transporte": "0", "p20a_recreacion": "1", "p5b_trabajo": "0", "p13a_transporte": "5", "p24a_recreacion": "4", "p24b_recreacion": false, "p19b_hogar": "30", "p7b_trabajo": "0", "p18b_hogar": false, "p5a_trabajo": "0", "p8a_transporte": "1", "p18a_hogar": "1", "p7a_trabajo": "0", "p27a_sentado": "3", "fecha_creacion": "2012-11-07", "p23a_recreacion": "0", "p23b_recreacion": "0", "p26b_sentado": "20", "p11b_transporte": "20", "p16b_hogar": true, "p17b_hogar": "0", "p26a_sentado": "4", "p12a_transporte": "6", "p25b_recreacion": "30", "p8b_transporte": true, "p13b_transporte": "40", "p4a_trabajo": "1", "p12b_transporte": false, "p15a_hogar": "6", "p25a_recreacion": "2", "p3a_trabajo": "2", "p15b_hogar": "30", "user": 1, "p3b_trabajo": "15", "p21a_recreacion": "0", "p6a_trabajo": "1", "p4b_trabajo": true, "p9b_transporte": "0", "p14b_hogar": false, "p21b_recreacion": "0", "p10b_transporte": false, "p22b_recreacion": true, "p2a_trabajo": "4", "p22a_recreacion": "1", "p14a_hogar": "3", "p19a_hogar": "5", "p17a_hogar": "0", "p16a_hogar": "1", "p2b_trabajo": false, "p10a_transporte": "5", "p20b_recreacion": true, "p6b_trabajo": true, "p27b_sentado": "15"}}, {"pk": 1, "model": "account.datosantropometricos", "fields": {"colesterol": false, "cancer": false, "circunferencia_cintura": 122.0, "fecha_creacion": "2012-11-07", "estatura": 184.0, "circunferencia_cadera": 124.0, "hipertencion": false, "user": 2, "peso": 99.0, "trigliceridos": false, "diabetes": false}}, {"pk": 2, "model": "account.datosantropometricos", "fields": {"colesterol": false, "cancer": false, "circunferencia_cintura": 122.0, "fecha_creacion": "2012-11-07", "estatura": 184.0, "circunferencia_cadera": 124.0, "hipertencion": false, "user": 2, "peso": 99.0, "trigliceridos": false, "diabetes": false}}, {"pk": 3, "model": "account.datosantropometricos", "fields": {"colesterol": true, "cancer": false, "circunferencia_cintura": 1.0, "fecha_creacion": "2012-11-07", "estatura": 1.0, "circunferencia_cadera": 1.0, "hipertencion": true, "user": 1, "peso": 1.0, "trigliceridos": false, "diabetes": false}}, {"pk": 1, "model": "account.profesional", "fields": {"status": "aceptado", "profesion": "1234", "user": 2, "universidad": "1234", "telefono": "(1234", "comentario": "12134", "trabajo": "1234"}}, {"pk": 1, "model": "account.userprofile", "fields": {"fecha_nacimiento": "2012-01-01", "genero": "m", "cedula": 1.0, "pais": "venezuela", "respuestaSecreta": "josefelipe", "preguntaSecreta": "q", "municipio": "otros", "user": 1}}, {"pk": 2, "model": "account.userprofile", "fields": {"fecha_nacimiento": "1992-05-07", "genero": "m", "cedula": 20584083.0, "pais": "Venezuela (Republica Bolivariana de Venezuela)", "respuestaSecreta": "lolaso", "preguntaSecreta": "4", "municipio": "Zulia", "user": 2}}, {"pk": 3, "model": "account.userprofile", "fields": {"fecha_nacimiento": "1990-01-06", "genero": "f", "cedula": 19460391.0, "pais": "Venezuela (Republica Bolivariana de Venezuela)", "respuestaSecreta": "gustavo", "preguntaSecreta": "1", "municipio": "Zulia", "user": 3}}, {"pk": 5, "model": "account.userprofile", "fields": {"fecha_nacimiento": "1964-01-18", "genero": "m", "cedula": 13939417.0, "pais": "Venezuela (Republica Bolivariana de Venezuela)", "respuestaSecreta": "maos", "preguntaSecreta": "2", "municipio": "Zulia", "user": 5}}, {"pk": 6, "model": "account.userprofile", "fields": {"fecha_nacimiento": "1992-01-18", "genero": "f", "cedula": 221548782.0, "pais": "Venezuela (Republica Bolivariana de Venezuela)", "respuestaSecreta": "fff", "preguntaSecreta": "5", "municipio": "Portuguesa", "user": 6}}, {"pk": 7, "model": "account.userprofile", "fields": {"fecha_nacimiento": "1970-12-18", "genero": "m", "cedula": 15487585.0, "pais": "Venezuela (Republica Bolivariana de Venezuela)", "respuestaSecreta": "alacazan", "preguntaSecreta": "3", "municipio": "Distrito Capital", "user": 7}}, {"pk": 8, "model": "account.userprofile", "fields": {"fecha_nacimiento": "1991-09-14", "genero": "m", "cedula": 201458758.0, "pais": "Venezuela (Republica Bolivariana de Venezuela)", "respuestaSecreta": "nose", "preguntaSecreta": "6", "municipio": "Zulia", "user": 8}}, {"pk": 9, "model": "account.userprofile", "fields": {"fecha_nacimiento": "1992-11-15", "genero": "f", "cedula": 21043601.0, "pais": "Venezuela (Republica Bolivariana de Venezuela)", "respuestaSecreta": "fercho", "preguntaSecreta": "3", "municipio": "Zulia", "user": 9}}, {"pk": 10, "model": "account.userprofile", "fields": {"fecha_nacimiento": "1960-01-23", "genero": "m", "cedula": 20525487.0, "pais": "Puerto Rico", "respuestaSecreta": "yo", "preguntaSecreta": "5", "municipio": "Otro", "user": 10}}, {"pk": 11, "model": "account.userprofile", "fields": {"fecha_nacimiento": "1976-01-17", "genero": "m", "cedula": 10548565.0, "pais": "Venezuela (Republica Bolivariana de Venezuela)", "respuestaSecreta": "asd", "preguntaSecreta": "1", "municipio": "Zulia", "user": 11}}, {"pk": 12, "model": "account.userprofile", "fields": {"fecha_nacimiento": "1970-09-26", "genero": "f", "cedula": 22222222.0, "pais": "Venezuela (Republica Bolivariana de Venezuela)", "respuestaSecreta": "perro", "preguntaSecreta": "3", "municipio": "Vargas", "user": 12}}, {"pk": 13, "model": "account.userprofile", "fields": {"fecha_nacimiento": "1992-10-24", "genero": "f", "cedula": 20568256.0, "pais": "Venezuela (Republica Bolivariana de Venezuela)", "respuestaSecreta": "jose", "preguntaSecreta": "2", "municipio": "Zulia", "user": 13}}, {"pk": 14, "model": "account.userprofile", "fields": {"fecha_nacimiento": "1992-07-18", "genero": "m", "cedula": 20555863.0, "pais": "Venezuela (Republica Bolivariana de Venezuela)", "respuestaSecreta": "andrea", "preguntaSecreta": "4", "municipio": "Zulia", "user": 14}}, {"pk": 15, "model": "account.userprofile", "fields": {"fecha_nacimiento": "1990-04-27", "genero": "f", "cedula": 19586256.0, "pais": "Venezuela (Republica Bolivariana de Venezuela)", "respuestaSecreta": "asdasd", "preguntaSecreta": "3", "municipio": "Zulia", "user": 15}}, {"pk": 16, "model": "account.userprofile", "fields": {"fecha_nacimiento": "1961-12-09", "genero": "m", "cedula": 7625100.0, "pais": "Venezuela (Republica Bolivariana de Venezuela)", "respuestaSecreta": "finty", "preguntaSecreta": "3", "municipio": "Zulia", "user": 16}}, {"pk": 17, "model": "account.userprofile", "fields": {"fecha_nacimiento": "1965-05-09", "genero": "f", "cedula": 9720590.0, "pais": "Venezuela (Republica Bolivariana de Venezuela)", "respuestaSecreta": "paez", "preguntaSecreta": "5", "municipio": "Zulia", "user": 17}}, {"pk": 18, "model": "account.userprofile", "fields": {"fecha_nacimiento": "1959-01-17", "genero": "m", "cedula": 8562458.0, "pais": "Venezuela (Republica Bolivariana de Venezuela)", "respuestaSecreta": "ninguno", "preguntaSecreta": "4", "municipio": "Zulia", "user": 18}}]